Dataset,Accuracy,F1 Score
Strawberry,0.9756097197532654,0.9756499791342997
