Dataset,Accuracy,F1 Score
TwoPatterns,0.8149999976158142,0.8153333333333334
