Dataset,Accuracy,F1 Score
Wafer,0.9950000047683716,0.99493542074364
